{"0.5718336846500234":{"user_id":1},"0.08830825273738396":{"user_id":2},"0.10120577015516052":{"user_id":2},"0.7947381161319975":{"user_id":2}}